{
  "sentence": "Can you tell me about my account options?",
  "emotion": "curiosity",
  "emotion_score": 0.065,
  "audio_metrics": {
    "energy": 0.08683066815137863,
    "entropy": 1.3443965435028078,
    "loudness": 0.827933406829834,
    "pitch_variation": 1.0,
    "speaking_rate": 1.0,
    "spectral_density": 0.001,
    "articulation_rate": 1.0,
    "syllable_rate": 1.0,
    "emotional_intensity": 0.021707667037844658,
    "semantic_similarity": 0.0,
    "language_identification": 0.0,
    "pronunciation_accuracy": 0.5,
    "emotional_valence": 0.5,
    "spectral_flux": 0.0006550092715770006,
    "tremor": 0.890762939453125,
    "jitter": 0.3622850775718689,
    "shimmer": 0.5,
    "spectral_rolloff": 0.10816271551724138,
    "irony_detection": 0.0,
    "spectral_tilt": 0.1244526553917576,
    "language_biases": 0.0,
    "zero_cross_rate": 0.04330549568965517,
    "spectral_centroid": 0.06211832523380168,
    "spectral_flatness": 0.11044525355100632,
    "formant_frequencies": 0.05560344827586207,
    "spectral_kurtosis": 1.0,
    "tone": 0.26464778184890747,
    "resonance": 0.12970719225010793,
    "spectral_skewness": 1.0
  },
  "situations": [],
  "prompt": "Support customer with standard banking inquiry due to neutral tone.",
  "priority": "LOW",
  "startTime": 0.0,
  "endTime": 0.3
}